{"n_estimators": 200, "max_depth": 7, "learning_rate": 0.19948909609912252, "subsample": 0.8644962680171755}